"Payment ID","Type","Total","Amount Paid","Paid","Date"
"in_fake00001c6srfu9","INVOICE","250","250","true","2025-11-01"
"in_fake00011ftfw1rg","INVOICE","200","200","true","2025-11-03"
"in_fake00021g1fe1r7","INVOICE","250","250","true","2025-11-04"
"in_fake00031g1ya2d4","INVOICE","270","270","true","2025-11-06"
"in_fake00041g1yy218","INVOICE","150","150","true","2025-11-07"
"in_fake00051g1yy24u","INVOICE","240","240","true","2025-11-09"
"in_fake00061gns6dkd","INVOICE","120","120","true","2025-11-11"
"in_fake00071hgcm826","INVOICE","210","210","true","2025-11-12"
"in_fake00081hgcm826","INVOICE","215","215","true","2025-11-14"
"in_fake00091l1fm81w","INVOICE","500","500","true","2025-11-15"
"in_fake00103mf13dm0","INVOICE","265","265","true","2025-11-17"
"in_fake00113mw5r1j0","INVOICE","180","180","true","2025-11-19"
"in_fake00123tyle5jn","INVOICE","125","125","true","2025-11-20"
"in_fake00133vv0b7ax","INVOICE","105","105","true","2025-11-22"
"in_fake00143vv1x7b2","INVOICE","95","95","true","2025-11-24"
"in_fake00153vw1t7bu","INVOICE","125","125","true","2025-11-25"
"in_fake00163vwdd21c","INVOICE","60","60","true","2025-11-27"
"in_fake00173vwh17au","INVOICE","115","115","true","2025-11-28"
"in_fake001843511510","INVOICE","180","180","true","2025-11-30"
"in_fake00194jgfb4jb","INVOICE","215","215","true","2025-12-02"
"in_fake00204jgff5ke","INVOICE","295","295","true","2025-12-03"
"in_fake00214jgff5ke","INVOICE","175","175","true","2025-12-05"
"in_fake002250ea1daa","INVOICE","250","250","true","2025-12-06"
"in_fake002355swf8hb","INVOICE","250","250","true","2025-12-08"
"in_fake00245ux43dp0","INVOICE","185","185","true","2025-12-10"
"in_fake00255uxcr4c0","INVOICE","225","225","true","2025-12-11"
"in_fake00265uxcw2c0","INVOICE","285","285","true","2025-12-13"
"in_fake00275ymju0c0","INVOICE","395","395","true","2025-12-14"
"in_fake00287fctgaaa","INVOICE","220","220","true","2025-12-16"
"in_fake00297uug1ghk","INVOICE","220","220","true","2025-12-18"
"in_fake00309bwke61j","INVOICE","125","125","true","2025-12-19"
"in_fake0031ha421033","INVOICE","85","85","true","2025-12-21"
"in_fake0032jhmfl5g4","INVOICE","150","150","true","2025-12-22"
"in_fake0033jhmzf1c6","INVOICE","65","65","true","2025-12-24"
"in_fake0034jm1ndac7","INVOICE","123","123","true","2025-12-26"
"in_fake0035jt2ae88c","INVOICE","100","100","true","2025-12-27"
"in_fake0036jtevb5br","INVOICE","150","150","true","2025-12-29"
"in_fake0037jtmcy7aj","INVOICE","275","275","true","2025-12-31"
"in_fake0038kmhlw4dk","INVOICE","95","95","true","2026-01-01"
"in_fake0039pg6sa100","INVOICE","150","150","true","2026-01-03"
"in_fake0040sajbm2fv","INVOICE","120","120","true","2026-01-04"
"in_fake0041sajda41b","INVOICE","150","150","true","2026-01-06"
"in_fake0042sajea03v","INVOICE","85","85","true","2026-01-08"
"in_fake0043sajwa54c","INVOICE","75","75","true","2026-01-09"
"in_fake0044sal1l9e9","INVOICE","175","175","true","2026-01-11"
"in_fake0045salgs2sv","INVOICE","475","475","true","2026-01-12"
"in_fake0046salgw2re","INVOICE","450","450","true","2026-01-14"
"in_fake0047salrg2rk","INVOICE","350","350","true","2026-01-16"
"in_fake0048scbcr63w","INVOICE","250","250","true","2026-01-17"
"in_fake0049scclekax","INVOICE","170","170","true","2026-01-19"
"in_fake0050scedt26t","INVOICE","250","250","true","2026-01-20"
"in_fake0051scfsmgnw","INVOICE","450","450","true","2026-01-22"
"in_fake0052tcsl3742","INVOICE","250","250","true","2026-01-24"
"in_fake0053tsf135l","INVOICE","450","450","true","2026-01-25"
"in_fake0054w1k5j4gb","INVOICE","145","145","true","2026-01-27"
"in_fake0055w1k7x5kb","INVOICE","300","300","true","2026-01-28"
"in_fake0056w1kcg2db","INVOICE","345","345","true","2026-01-30"
"in_fake0057w1kmk6cb","INVOICE","150","150","true","2026-02-01"
"in_fake0058w1n0g8db","INVOICE","185","185","true","2026-02-02"
"in_fake0059w1n4m4gb","INVOICE","165","165","true","2026-02-04"
"in_fake0060wa114afy","INVOICE","235","235","true","2026-02-06"
"in_fake0061wa11aage","INVOICE","225","225","true","2026-02-07"
"in_fake0062wa14aafy","INVOICE","185","185","true","2026-02-09"
"in_fake0063wa17aaf4","INVOICE","155","155","true","2026-02-10"
"in_fake0064wa1ajbf7","INVOICE","235","235","true","2026-02-12"
"in_fake0065wau2agf5","INVOICE","175","175","true","2026-02-14"
"in_fake0066wau92bf2","INVOICE","185","185","true","2026-02-15"
"in_fake0067wauaudgy","INVOICE","125","125","true","2026-02-17"
"in_fake0068waub1gff","INVOICE","120","120","true","2026-02-18"
"in_fake0069waub4af4","INVOICE","195","195","true","2026-02-20"
"in_fake0070waub4af4","INVOICE","120","120","true","2026-02-22"
"in_fake0071waub4cf5","INVOICE","215","215","true","2026-02-23"
"in_fake0072wba13ag0","INVOICE","175","175","true","2026-02-25"
"in_fake0073wba13ar0","INVOICE","165","165","true","2026-02-26"
"in_fake0074wba7t2c0","INVOICE","265","265","true","2026-02-28"
"in_fake0075wbaaa130","INVOICE","145","145","true","2026-03-02"
"in_fake0076wbs33ay0","INVOICE","285","285","true","2026-03-03"
"in_fake0077wbs33az0","INVOICE","295","295","true","2026-03-05"
"in_fake0078wdbuf56x","INVOICE","125","125","true","2026-03-07"
"in_fake0079wddyj7ka","INVOICE","320","320","true","2026-03-08"
"in_fake0080wddzh8kb","INVOICE","225","225","true","2026-03-10"
"in_fake0081wddzh8kb","INVOICE","350","350","true","2026-03-11"
"in_fake0082wf0dp3th","INVOICE","120","120","true","2026-03-13"
"in_fake0083wmeek31x","INVOICE","26","26","true","2026-03-15"
"in_fake0084wmw23gx0","INVOICE","90","90","true","2026-03-16"
"in_fake0085wp0aa295","INVOICE","150","150","true","2026-03-18"
"in_fake0086wp0aa2a9","INVOICE","395","395","true","2026-03-19"
"in_fake0087wp0aa2a9","INVOICE","140","140","true","2026-03-21"
"in_fake0088wp0aa2y1","INVOICE","385","385","true","2026-03-23"
"in_fake0089wp0ab2a7","INVOICE","365","365","true","2026-03-24"
"in_fake0090wp0ab2a9","INVOICE","250","250","true","2026-03-26"
"in_fake0091wp0ac2a8","INVOICE","350","350","true","2026-03-27"
"in_fake0092wp0af2a9","INVOICE","1200","1200","true","2026-03-29"
"in_fake0093wp0ca2a9","INVOICE","140","140","true","2026-03-31"
"in_fake0094wp1aa2a2","INVOICE","85","85","true","2026-04-01"
"in_fake0095wp1aa2a5","INVOICE","130","130","true","2026-04-03"
"in_fake0096wp1aa2ay","INVOICE","285","285","true","2026-04-04"
"in_fake0097wp1af2a5","INVOICE","225","225","true","2026-04-06"
"in_fake0098wuaawcf5","INVOICE","285","285","true","2026-04-08"
"in_fake0099wvggnpe2","INVOICE","230","230","true","2026-04-09"
"in_fake0100wvw387cd","INVOICE","95","95","true","2026-04-11"
"in_fake0101wvwar7an","INVOICE","135","135","true","2026-04-13"
"in_fake0102wvwlf7au","INVOICE","140","140","true","2026-04-14"
"in_fake0103wvwwa7au","INVOICE","155","155","true","2026-04-16"
"in_fake0104yn861010","INVOICE","96","96","true","2026-04-17"
"in_fake0105yv1a92sw","INVOICE","125","125","true","2026-04-19"
"in_fake0106yv4062pa","INVOICE","120","120","true","2026-04-21"
"in_fake0107zarba12c","INVOICE","250","250","true","2026-04-22"
"in_fake0108zff65lha","INVOICE","400","400","true","2026-04-24"
"in_fake0109zffew59a","INVOICE","955","955","true","2026-04-25"
"in_fake0110zhwur1zf","INVOICE","1005","1005","true","2026-04-27"
