"Res #","Car","User ID","Pick-up","Drop-off","Days","Booked","Payments"
"","1C6SRFU91NN368585","2","2025-11-01","2025-11-03","2","2025-10-28","[""in_fake00001c6srfu9""]"
"","1FTFW1RG2KFC24109","2","2025-11-03","2025-11-06","3","2025-10-30","[""in_fake00011ftfw1rg""]"
"","1G1FE1R70N0117014","2","2025-11-04","2025-11-08","4","2025-10-31","[""in_fake00021g1fe1r7""]"
"","1G1YA2D41P5130464","2","2025-11-06","2025-11-11","5","2025-11-02","[""in_fake00031g1ya2d4""]"
"","1G1YY2182J5117085","2","2025-11-07","2025-11-13","6","2025-11-03","[""in_fake00041g1yy218""]"
"","1G1YY24UX55101683","2","2025-11-09","2025-11-12","3","2025-11-05","[""in_fake00051g1yy24u""]"
"","1GNS6DKD6TR245343","2","2025-11-10","2025-11-12","2","2025-11-06","[""in_fake00061gns6dkd""]"
"","1HGCM82633A004352","2","2025-11-12","2025-11-16","4","2025-11-08","[""in_fake00071hgcm826""]"
"","1HGCM82633A004399","2","2025-11-13","2025-11-18","5","2025-11-09","[""in_fake00081hgcm826""]"
"","1L1FM81W6YY940880","2","2025-11-15","2025-11-22","7","2025-11-11","[""in_fake00091l1fm81w""]"
"","3MF13DM05P8D14978","2","2025-11-16","2025-11-19","3","2025-11-12","[""in_fake00103mf13dm0""]"
"","3MW5R1J00L8B14023","2","2025-11-18","2025-11-20","2","2025-11-14","[""in_fake00113mw5r1j0""]"
"","3TYLE5JN7RT053539","2","2025-11-20","2025-11-24","4","2025-11-16","[""in_fake00123tyle5jn""]"
"","3VV0B7AX1NM077609","2","2025-11-21","2025-11-26","5","2025-11-17","[""in_fake00133vv0b7ax""]"
"","3VV1X7B24NM001973","2","2025-11-23","2025-11-29","6","2025-11-19","[""in_fake00143vv1x7b2""]"
"","3VW1T7BU7NM028240","2","2025-11-24","2025-11-27","3","2025-11-20","[""in_fake00153vw1t7bu""]"
"","3VWDD21C3YM416110","2","2025-11-26","2025-11-28","2","2025-11-22","[""in_fake00163vwdd21c""]"
"","3VWH17AUXKM506166","2","2025-11-27","2025-12-01","4","2025-11-23","[""in_fake00173vwh17au""]"
"","43511510125842","2","2025-11-29","2025-12-04","5","2025-11-25","[""in_fake001843511510""]"
"","4JGFB4JB0NA657602","2","2025-11-30","2025-12-07","7","2025-11-26","[""in_fake00194jgfb4jb""]"
"","4JGFF5KE0NA582001","2","2025-12-02","2025-12-05","3","2025-11-28","[""in_fake00204jgff5ke""]"
"","4JGFF5KE9RB114803","2","2025-12-03","2025-12-05","2","2025-11-29","[""in_fake00214jgff5ke""]"
"","50EA1DAA7NA001658","2","2025-12-05","2025-12-09","4","2025-12-01","[""in_fake002250ea1daa""]"
"","55SWF8HB6KU306359","2","2025-12-07","2025-12-12","5","2025-12-03","[""in_fake002355swf8hb""]"
"","5UX43DP00N9J20369","2","2025-12-08","2025-12-14","6","2025-12-04","[""in_fake00245ux43dp0""]"
"","5UXCR4C00M9E15750","2","2025-12-10","2025-12-13","3","2025-12-06","[""in_fake00255uxcr4c0""]"
"","5UXCW2C00N9K28584","2","2025-12-11","2025-12-13","2","2025-12-07","[""in_fake00265uxcw2c0""]"
"","5YMJU0C02N9K74962","2","2025-12-13","2025-12-17","4","2025-12-09","[""in_fake00275ymju0c0""]"
"","7FCTGAAA5PN025697","2","2025-12-14","2025-12-19","5","2025-12-10","[""in_fake00287fctgaaa""]"
"","7UUG1GHK6TA021248","2","2025-12-16","2025-12-23","7","2025-12-12","[""in_fake00297uug1ghk""]"
"","9BWKE61J834080560","2","2025-12-17","2025-12-20","3","2025-12-13","[""in_fake00309bwke61j""]"
"","HA42103398","2","2025-12-19","2025-12-21","2","2025-12-15","[""in_fake0031ha421033""]"
"","JHMFL5G47SX003350","2","2025-12-20","2025-12-24","4","2025-12-16","[""in_fake0032jhmfl5g4""]"
"","JHMZF1C61ES000529","2","2025-12-22","2025-12-27","5","2025-12-18","[""in_fake0033jhmzf1c6""]"
"","JM1NDAC70T0701120","2","2025-12-24","2025-12-30","6","2025-12-20","[""in_fake0034jm1ndac7""]"
"","JT2AE88C4G0192657","2","2025-12-25","2025-12-28","3","2025-12-21","[""in_fake0035jt2ae88c""]"
"","JTEVB5BR9S5022783","2","2025-12-27","2025-12-29","2","2025-12-23","[""in_fake0036jtevb5br""]"
"","JTMCY7AJ0L4089622","2","2025-12-28","2026-01-01","4","2025-12-24","[""in_fake0037jtmcy7aj""]"
"","KMHLW4DK5TU038234","2","2025-12-30","2026-01-04","5","2025-12-26","[""in_fake0038kmhlw4dk""]"
"","PG6SA100572","2","2025-12-31","2026-01-07","7","2025-12-27","[""in_fake0039pg6sa100""]"
"","SAJBM2FV7JCY67909","2","2026-01-02","2026-01-05","3","2025-12-29","[""in_fake0040sajbm2fv""]"
"","SAJDA41B953A43333","2","2026-01-03","2026-01-05","2","2025-12-30","[""in_fake0041sajda41b""]"
"","SAJEA03V131M54851","2","2026-01-05","2026-01-09","4","2026-01-01","[""in_fake0042sajea03v""]"
"","SAJWA54C35WE44460","2","2026-01-06","2026-01-11","5","2026-01-02","[""in_fake0043sajwa54c""]"
"","SAL1L9E97SA426247","2","2026-01-08","2026-01-14","6","2026-01-04","[""in_fake0044sal1l9e9""]"
"","SALGS2SV7KA550136","2","2026-01-10","2026-01-13","3","2026-01-06","[""in_fake0045salgs2sv""]"
"","SALGW2RE1MA425534","2","2026-01-11","2026-01-13","2","2026-01-07","[""in_fake0046salgw2re""]"
"","SALRG2RK1JA073756","2","2026-01-13","2026-01-17","4","2026-01-09","[""in_fake0047salrg2rk""]"
"","SCBCR63W55C029170","2","2026-01-14","2026-01-19","5","2026-01-10","[""in_fake0048scbcr63w""]"
"","SCCLEKAX9RHB11118","2","2026-01-16","2026-01-23","7","2026-01-12","[""in_fake0049scclekax""]"
"","SCEDT26T5BD003600","2","2026-01-17","2026-01-20","3","2026-01-13","[""in_fake0050scedt26t""]"
"","SCFSMGNW0TGP11617","2","2026-01-19","2026-01-21","2","2026-01-15","[""in_fake0051scfsmgnw""]"
"","TCSL3742","2","2026-01-20","2026-01-24","4","2026-01-16","[""in_fake0052tcsl3742""]"
"","TSF135L","2","2026-01-22","2026-01-27","5","2026-01-18","[""in_fake0053tsf135l""]"
"","W1K5J4GB3NN299579","2","2026-01-23","2026-01-29","6","2026-01-19","[""in_fake0054w1k5j4gb""]"
"","W1K7X5KB5MA037069","2","2026-01-25","2026-01-28","3","2026-01-21","[""in_fake0055w1k7x5kb""]"
"","W1KCG2DB2NA003571","2","2026-01-27","2026-01-29","2","2026-01-23","[""in_fake0056w1kcg2db""]"
"","W1KMK6CB1TF112048","2","2026-01-28","2026-02-01","4","2026-01-24","[""in_fake0057w1kmk6cb""]"
"","W1N0G8DB0NG112391","2","2026-01-30","2026-02-04","5","2026-01-26","[""in_fake0058w1n0g8db""]"
"","W1N4M4GB0NW175429","2","2026-01-31","2026-02-07","7","2026-01-27","[""in_fake0059w1n4m4gb""]"
"","WA114AFY9N2106030","2","2026-02-02","2026-02-05","3","2026-01-29","[""in_fake0060wa114afy""]"
"","WA11AAGE0NB027097","2","2026-02-03","2026-02-05","2","2026-01-30","[""in_fake0061wa11aage""]"
"","WA14AAFY1N2097538","2","2026-02-05","2026-02-09","4","2026-02-01","[""in_fake0062wa14aafy""]"
"","WA17AAF4XMA021007","2","2026-02-06","2026-02-11","5","2026-02-02","[""in_fake0063wa17aaf4""]"
"","WA1AJBF71ND010760","2","2026-02-08","2026-02-14","6","2026-02-04","[""in_fake0064wa1ajbf7""]"
"","WAU2AGF51MN005537","2","2026-02-09","2026-02-12","3","2026-02-05","[""in_fake0065wau2agf5""]"
"","WAU92BF24SN011821","2","2026-02-11","2026-02-13","2","2026-02-07","[""in_fake0066wau92bf2""]"
"","WAUAUDGY1NA093301","2","2026-02-13","2026-02-17","4","2026-02-09","[""in_fake0067wauaudgy""]"
"","WAUB1GFFXJ1090406","2","2026-02-14","2026-02-19","5","2026-02-10","[""in_fake0068waub1gff""]"
"","WAUB4AF41MA065448","2","2026-02-16","2026-02-23","7","2026-02-12","[""in_fake0069waub4af4""]"
"","WAUB4AF4XLA071795","2","2026-02-17","2026-02-20","3","2026-02-13","[""in_fake0070waub4af4""]"
"","WAUB4CF50MA011689","2","2026-02-19","2026-02-21","2","2026-02-15","[""in_fake0071waub4cf5""]"
"","WBA13AG02MCH06737","2","2026-02-20","2026-02-24","4","2026-02-16","[""in_fake0072wba13ag0""]"
"","WBA13AR00MCG17326","2","2026-02-22","2026-02-27","5","2026-02-18","[""in_fake0073wba13ar0""]"
"","WBA7T2C00NCH00913","2","2026-02-23","2026-03-01","6","2026-02-19","[""in_fake0074wba7t2c0""]"
"","WBAAA1304K4205767","2","2026-02-25","2026-02-28","3","2026-02-21","[""in_fake0075wbaaa130""]"
"","WBS33AY01MFL17070","2","2026-02-26","2026-02-28","2","2026-02-22","[""in_fake0076wbs33ay0""]"
"","WBS33AZ00NCJ57751","2","2026-02-28","2026-03-04","4","2026-02-24","[""in_fake0077wbs33az0""]"
"","WDBUF56X38B349556","2","2026-03-02","2026-03-07","5","2026-02-26","[""in_fake0078wdbuf56x""]"
"","WDDYJ7KA1LA028036","2","2026-03-03","2026-03-10","7","2026-02-27","[""in_fake0079wddyj7ka""]"
"","WDDZH8KB0KA598882","2","2026-03-05","2026-03-08","3","2026-03-01","[""in_fake0080wddzh8kb""]"
"","WDDZH8KB8JA472333","2","2026-03-06","2026-03-08","2","2026-03-02","[""in_fake0081wddzh8kb""]"
"","WF0DP3TH6H4118328","2","2026-03-08","2026-03-12","4","2026-03-04","[""in_fake0082wf0dp3th""]"
"","WMEEK31X78K084848","2","2026-03-09","2026-03-14","5","2026-03-05","[""in_fake0083wmeek31x""]"
"","WMW23GX05S2X59116","2","2026-03-11","2026-03-17","6","2026-03-07","[""in_fake0084wmw23gx0""]"
"","WP0AA2952JN151373","2","2026-03-12","2026-03-15","3","2026-03-08","[""in_fake0085wp0aa295""]"
"","WP0AA2A92MS206666","2","2026-03-14","2026-03-16","2","2026-03-10","[""in_fake0086wp0aa2a9""]"
"","WP0AA2A94SS207895","2","2026-03-15","2026-03-19","4","2026-03-11","[""in_fake0087wp0aa2a9""]"
"","WP0AA2Y11NSA13221","2","2026-03-17","2026-03-22","5","2026-03-13","[""in_fake0088wp0aa2y1""]"
"","WP0AB2A71NL130493","2","2026-03-19","2026-03-26","7","2026-03-15","[""in_fake0089wp0ab2a7""]"
"","WP0AB2A98ES120583","2","2026-03-20","2026-03-23","3","2026-03-16","[""in_fake0090wp0ab2a9""]"
"","WP0AC2A81MK289217","2","2026-03-22","2026-03-24","2","2026-03-18","[""in_fake0091wp0ac2a8""]"
"","WP0AF2A98PS278459","2","2026-03-23","2026-03-27","4","2026-03-19","[""in_fake0092wp0af2a9""]"
"","WP0CA2A90SS236478","2","2026-03-25","2026-03-30","5","2026-03-21","[""in_fake0093wp0ca2a9""]"
"","WP1AA2A29DLA12633","2","2026-03-26","2026-04-01","6","2026-03-22","[""in_fake0094wp1aa2a2""]"
"","WP1AA2A5XNLB00523","2","2026-03-28","2026-03-31","3","2026-03-24","[""in_fake0095wp1aa2a5""]"
"","WP1AA2AY0NDA03769","2","2026-03-29","2026-03-31","2","2026-03-25","[""in_fake0096wp1aa2ay""]"
"","WP1AF2A53NLB30139","2","2026-03-31","2026-04-04","4","2026-03-27","[""in_fake0097wp1af2a5""]"
"","WUAAWCF56NA902275","2","2026-04-01","2026-04-06","5","2026-03-28","[""in_fake0098wuaawcf5""]"
"","WVGGNPE22NP056731","2","2026-04-03","2026-04-10","7","2026-03-30","[""in_fake0099wvggnpe2""]"
"","WVW387CD3NW194718","2","2026-04-05","2026-04-08","3","2026-04-01","[""in_fake0100wvw387cd""]"
"","WVWAR7AN6ME008688","2","2026-04-06","2026-04-08","2","2026-04-02","[""in_fake0101wvwar7an""]"
"","WVWLF7AU5GW207495","2","2026-04-08","2026-04-12","4","2026-04-04","[""in_fake0102wvwlf7au""]"
"","WVWWA7AU9KW148553","2","2026-04-09","2026-04-14","5","2026-04-05","[""in_fake0103wvwwa7au""]"
"","YN861010967","2","2026-04-11","2026-04-17","6","2026-04-07","[""in_fake0104yn861010""]"
"","YV1A92SW5G1295120","2","2026-04-12","2026-04-15","3","2026-04-08","[""in_fake0105yv1a92sw""]"
"","YV4062PA4S1390037","2","2026-04-14","2026-04-16","2","2026-04-10","[""in_fake0106yv4062pa""]"
"","ZARBA12C2L6001483","2","2026-04-15","2026-04-19","4","2026-04-11","[""in_fake0107zarba12c""]"
"","ZFF65LHA8C0188492","2","2026-04-17","2026-04-22","5","2026-04-13","[""in_fake0108zff65lha""]"
"","ZFFEW59A260147301","2","2026-04-18","2026-04-25","7","2026-04-14","[""in_fake0109zffew59a""]"
"","ZHWUR1ZF7GLA05185","2","2026-04-20","2026-04-21","2","2026-04-16","[""in_fake0110zhwur1zf""]"
